"country","cluster"
"Afghanistan","2"
"Africa","1"
"Albania","2"
"Algeria","1"
"American Samoa","2"
"Andorra","1"
"Angola","2"
"Anguilla","1"
"Antigua and Barbuda","1"
"Argentina","1"
"Armenia","2"
"Aruba","1"
"Asia","1"
"Australia","1"
"Austria","3"
"Azerbaijan","1"
"Bahrain","3"
"Bangladesh","2"
"Barbados","1"
"Belarus","1"
"Belgium","3"
"Belize","2"
"Benin","2"
"Bermuda","3"
"Bhutan","2"
"Bolivia","1"
"Bonaire, Sint Eustatius and Saba","1"
"Bosnia and Herzegovina","2"
"Botswana","1"
"Brazil","2"
"British Virgin Islands","1"
"Brunei","1"
"Bulgaria","1"
"Burkina Faso","2"
"Burundi","2"
"Cambodia","2"
"Cameroon","1"
"Canada","3"
"Cape Verde","2"
"Caribbean","2"
"Cayman Islands","3"
"Central African Republic","2"
"Central America","1"
"Central and Southern Asia","2"
"Central Asia","1"
"Chad","2"
"Chile","1"
"China","2"
"China, Macao SAR","1"
"Colombia","2"
"Comoros","2"
"Cook Islands","2"
"Costa Rica","2"
"Croatia","1"
"Cuba","2"
"Curacao","1"
"Cyprus","1"
"Czech Republic","1"
"Democratic Republic of the Congo","2"
"Denmark","3"
"Djibouti","2"
"Dominica","2"
"Dominican Republic","2"
"East Timor","2"
"Eastern Africa","2"
"Eastern and South-Eastern Asia","2"
"Eastern Asia","1"
"Eastern Europe","1"
"Ecuador","2"
"Egypt","2"
"El Salvador","2"
"Equatorial Guinea","1"
"Eritrea","2"
"Estonia","1"
"Eswatini","2"
"Ethiopia","2"
"Europe","2"
"Europe and Northern America","1"
"Falkland Islands (Malvinas)","1"
"Faroe Islands","1"
"Fiji","2"
"Finland","3"
"France","3"
"French Guiana","1"
"French Polynesia","1"
"Gabon","2"
"Gambia","1"
"Georgia","2"
"Germany","3"
"Ghana","2"
"Gibraltar","1"
"Greece","1"
"Greenland","2"
"Grenada","2"
"Guadeloupe","2"
"Guam","2"
"Guatemala","2"
"Guernsey","1"
"Guinea","2"
"Guinea Bissau","2"
"Guyana","2"
"Haiti","2"
"High-income countries","2"
"Holy See","1"
"Honduras","2"
"Hungary","1"
"Iceland","3"
"India","2"
"Indonesia","2"
"Iran","1"
"Iraq","2"
"Ireland","3"
"Isle of Man","1"
"Israel","1"
"Italy","1"
"Ivory Coast","2"
"Jamaica","2"
"Japan","1"
"Jersey","1"
"Jordan","2"
"Kazakhstan","1"
"Kenya","2"
"Kiribati","2"
"Kosovo","2"
"Kuwait","3"
"Kyrgyzstan","2"
"Land-locked Developing Countries (LLDC)","1"
"Laos","1"
"Latin America and the Caribbean","1"
"Latvia","1"
"Least developed countries","2"
"Lebanon","2"
"Lesotho","2"
"Less developed regions","1"
"Less developed regions, excluding China","1"
"Less developed regions, excluding least developed countries","1"
"Liberia","2"
"Libya","1"
"Liechtenstein","1"
"Lithuania","1"
"Low-income countries","1"
"Lower-middle-income countries","1"
"Luxembourg","3"
"Madagascar","2"
"Malawi","2"
"Malaysia","1"
"Maldives","1"
"Mali","2"
"Malta","3"
"Marshall Islands","2"
"Martinique","2"
"Mauritania","2"
"Mauritius","1"
"Mayotte","1"
"Melanesia","1"
"Mexico","1"
"Micronesia","2"
"Micronesia (Fed. States of)","2"
"Middle Africa","2"
"Middle-income countries","2"
"Moldova","2"
"Monaco","2"
"Mongolia","2"
"Montenegro","2"
"Montserrat","1"
"More developed regions","2"
"Morocco","2"
"Mozambique","2"
"Myanmar","2"
"Namibia","2"
"Nauru","2"
"Nepal","2"
"Netherlands","3"
"New Caledonia","2"
"New Zealand","1"
"Nicaragua","2"
"Niger","2"
"Nigeria","2"
"Niue","1"
"No income group available","1"
"North Macedonia","1"
"Northern Africa","1"
"Northern Africa and Western Asia","1"
"Northern America","1"
"Northern Europe","1"
"Northern Mariana Islands","2"
"Norway","3"
"Oceania","1"
"Oceania (excluding Australia and New Zealand)","1"
"Oman","3"
"Other non-specified areas","1"
"Pakistan","2"
"Palau","2"
"Panama","2"
"Papua New Guinea","2"
"Paraguay","2"
"Peru","2"
"Philippines","2"
"Poland","1"
"Polynesia","2"
"Portugal","1"
"Puerto Rico","1"
"Qatar","3"
"RÃ©union","2"
"Republic of Korea","1"
"Republic of Serbia","1"
"Romania","1"
"Russia","1"
"Rwanda","2"
"Saint BarthÃ©lemy","1"
"Saint Helena","1"
"Saint Kitts and Nevis","1"
"Saint Lucia","1"
"Saint Martin (French part)","2"
"Saint Pierre and Miquelon","1"
"Saint Vincent and the Grenadines","2"
"Samoa","2"
"San Marino","3"
"Sao Tome and Principe","2"
"Saudi Arabia","3"
"Senegal","2"
"Seychelles","1"
"Sierra Leone","2"
"Singapore","3"
"Sint Maarten (Dutch part)","1"
"Slovakia","1"
"Slovenia","1"
"Small Island Developing States (SIDS)","1"
"Solomon Islands","2"
"Somalia","2"
"South Africa","2"
"South America","2"
"South Korea","1"
"South Sudan","1"
"South-Eastern Asia","1"
"Southern Africa","2"
"Southern Asia","1"
"Southern Europe","2"
"Spain","1"
"Sri Lanka","2"
"State of Palestine","2"
"Sub-Saharan Africa","2"
"Sudan","2"
"Suriname","1"
"Sweden","3"
"Switzerland","3"
"Syrian Arab Republic","1"
"Tajikistan","2"
"Thailand","1"
"The Bahamas","1"
"Togo","2"
"Tokelau","1"
"Tonga","2"
"Trinidad and Tobago","1"
"Tunisia","2"
"Turkey","1"
"Turkmenistan","2"
"Turks and Caicos Islands","1"
"Tuvalu","2"
"Uganda","2"
"Ukraine","1"
"United Arab Emirates","3"
"United Kingdom","3"
"United Republic of Tanzania","1"
"United States of America","1"
"United States Virgin Islands","2"
"Upper-middle-income countries","1"
"Uruguay","1"
"Uzbekistan","2"
"Vanuatu","2"
"Venezuela","1"
"Vietnam","2"
"Wallis and Futuna Islands","2"
"Western Africa","2"
"Western Asia","1"
"Western Europe","1"
"Western Sahara","1"
"World","1"
"Yemen","2"
"Zambia","2"
"Zimbabwe","2"
